{
    "Título": "A Atividade Física na Melhora da Qualidade  \nde Vida em Pacientes Portadores de Fibromialgia",
    "Autor(es)": "Priscila Miranda de Carvalho; Kelly Cristina S. A. Pereira",
    "Filiação acadêmica": "Revista de Divulgação Científica Sena Aires 2014;  Janeiro-Junho (1): 47-56\n",
    "Palavras-chave": "Fibromialgia; Atividade motora; Exercício; Qua\nlidade de vida",
    "arquivo_original": "C:/Users/victo/Downloads/ORI/ORI---Trabalho-2---SRI/Trabalho 2/docs/A Atividade Física na Melhoria da Qualidade de Vida.pdf"
}